feature_1,feature_2,feature_3,feature_4,feature_5,feature_6,feature_7,feature_8,feature_9,feature_10,feature_11,feature_12,feature_13,feature_14,feature_15,feature_16,feature_17,feature_18,feature_19,feature_20,feature_21,feature_22,feature_23,feature_24,feature_25,feature_26,feature_27,feature_28,feature_29,feature_30,feature_31,feature_32,feature_33,feature_34,feature_35,feature_36,feature_37,feature_38,feature_39,feature_40,feature_41,feature_42,feature_43,feature_44,feature_45,feature_46,feature_47,feature_48,feature_49,feature_50,feature_51,feature_52,feature_53,feature_54,feature_55,feature_56,feature_57,feature_58,feature_59,feature_60,feature_61,feature_62,feature_63,feature_64,feature_65,feature_66,feature_67,feature_68,feature_69,feature_70,feature_71,feature_72,feature_73,feature_74,feature_75,feature_76,feature_77,feature_78,feature_79,feature_80,feature_81,feature_82,feature_83,feature_84,feature_85,feature_86,feature_87,feature_88,feature_89,feature_90,feature_91,feature_92,feature_93,feature_94,feature_95,feature_96,feature_97,feature_98,feature_99,feature_100,feature_101,feature_102,feature_103,feature_104,feature_105,feature_106,feature_107,feature_108,feature_109,feature_110,feature_111,feature_112,feature_113,feature_114,feature_115,feature_116,feature_117,feature_118,feature_119,feature_120
-0.225650,0.678359,-0.741943,0.245768,0.698265,0.814369,0.980416,-0.130142,0.713858,-0.280449,0.450121,0.007974,-0.413389,-0.640829,-0.104662,-0.298115,-0.355899,-0.617023,0.602816,-0.174914,0.606474,-0.412052,0.599178,-0.277000,-0.769330,-0.736647,0.561775,-0.006800,-0.473760,-0.113966,-0.020771,-0.752616,-0.303448,-0.261924,0.481079,0.680412,0.090025,-0.916646,0.759529,-0.361637,0.309437,0.551407,-0.528824,0.795680,0.010612,0.657380,-0.308433,0.307057,0.200858,-0.180487,-0.772105,0.035787,-0.470582,0.351866,-0.319397,-0.011371,0.176067,-0.325639,0.628054,-0.391163,-0.769564,0.551052,-0.885408,-0.658555,0.070953,0.950965,0.509467,0.907733,-0.233850,-0.378936,-0.856314,0.105704,0.505401,0.436532,0.502247,-0.737549,-0.465641,0.567642,0.304478,0.909703,0.468933,-0.618900,0.339904,0.004726,0.166861,0.829384,-0.031020,0.984240,-0.824082,0.396242,0.060524,0.065912,0.929559,0.373695,0.379241,0.093661,-0.414026,-0.802114,-0.081771,0.525606,0.303163,-0.073269,-0.194903,-0.116716,-0.810134,-0.090361,0.976754,0.846796,0.413218,0.228265,-0.153897,-0.553327,-0.202799,-0.980654,0.683940,-0.363940,0.959999,0.669443,-0.292243,-0.274820